transaction_id,sender_account,sender_ifsc,sender_name,receiver_account,receiver_ifsc,receiver_name,amount,payment_mode,narration
TXN-20260926-002-0001,7591199114,SBIN0004567,Sender 1,9064442921,UTIB0001111,Receiver 1,14317.57,IMPS,Test Payment
TXN-20260926-002-0002,2757929836,SBIN0004567,Sender 2,1307972402,UTIB0001111,Receiver 2,36713.73,IMPS,Test Payment
TXN-20260926-002-0003,3190202004,HDFC0001234,Sender 3,1762768350,KKBK0003333,Receiver 3,38162.8,RTGS,Test Payment
TXN-20260926-002-0004,7177648306,SBIN0004567,Sender 4,5846895335,UTIB0001111,Receiver 4,8808.29,RTGS,Test Payment
TXN-20260926-002-0005,4882149341,ICIC0008901,Sender 5,4725394218,PUNB0002222,Receiver 5,5672.76,NEFT,Test Payment
TXN-20260926-002-0006,5395026583,SBIN0004567,Sender 6,3513530989,UTIB0001111,Receiver 6,42394.54,RTGS,Test Payment
TXN-20260926-002-0007,8453152853,ICIC0008901,Sender 7,5174530618,UTIB0001111,Receiver 7,21543.47,IMPS,Test Payment
TXN-20260926-002-0008,7297281626,SBIN0004567,Sender 8,4109441172,PUNB0002222,Receiver 8,34150.32,IMPS,Test Payment
TXN-20260926-002-0009,6988506604,HDFC0001234,Sender 9,2266301791,UTIB0001111,Receiver 9,3638.59,NEFT,Test Payment
TXN-20260926-002-0010,1157356349,ICIC0008901,Sender 10,9886875788,PUNB0002222,Receiver 10,9887.88,RTGS,Test Payment
TXN-20260926-002-0011,8380749081,SBIN0004567,Sender 11,6685270823,PUNB0002222,Receiver 11,24620.85,NEFT,Test Payment
TXN-20260926-002-0012,4252564260,HDFC0001234,Sender 12,8671380660,KKBK0003333,Receiver 12,9571.47,RTGS,Test Payment
TXN-20260926-002-0013,8455374821,ICIC0008901,Sender 13,7926540525,UTIB0001111,Receiver 13,36413.8,IMPS,Test Payment
TXN-20260926-002-0014,2199841061,HDFC0001234,Sender 14,7134793007,PUNB0002222,Receiver 14,30802.18,RTGS,Test Payment
TXN-20260926-002-0015,5288830335,ICIC0008901,Sender 15,3775125227,KKBK0003333,Receiver 15,3872.55,NEFT,Test Payment
TXN-20260926-002-0016,3308039029,HDFC0001234,Sender 16,2683669727,UTIB0001111,Receiver 16,21709.1,NEFT,Test Payment
TXN-20260926-002-0017,3178161334,HDFC0001234,Sender 17,6750520824,UTIB0001111,Receiver 17,14128.91,RTGS,Test Payment
TXN-20260926-002-0018,7369592702,SBIN0004567,Sender 18,1827951223,KKBK0003333,Receiver 18,12959.56,RTGS,Test Payment
TXN-20260926-002-0019,2111242918,HDFC0001234,Sender 19,4341719864,UTIB0001111,Receiver 19,23120.14,NEFT,Test Payment
TXN-20260926-002-0020,9796598142,SBIN0004567,Sender 20,2354190881,KKBK0003333,Receiver 20,39702.44,NEFT,Test Payment
TXN-20260926-002-0021,5563471301,SBIN0004567,Sender 21,8696923385,KKBK0003333,Receiver 21,11097.01,NEFT,Test Payment
TXN-20260926-002-0022,8548028899,HDFC0001234,Sender 22,5602757340,UTIB0001111,Receiver 22,37543.44,IMPS,Test Payment
TXN-20260926-002-0023,7233966249,SBIN0004567,Sender 23,6423798437,UTIB0001111,Receiver 23,23218.62,RTGS,Test Payment
TXN-20260926-002-0024,5134553528,ICIC0008901,Sender 24,8078096484,KKBK0003333,Receiver 24,5552.56,NEFT,Test Payment
TXN-20260926-002-0025,7003291502,SBIN0004567,Sender 25,5054455740,KKBK0003333,Receiver 25,38182.51,RTGS,Test Payment
TXN-20260926-002-0026,8750473646,HDFC0001234,Sender 26,6804491660,PUNB0002222,Receiver 26,16552.38,IMPS,Test Payment
TXN-20260926-002-0027,3644409064,SBIN0004567,Sender 27,9756281862,UTIB0001111,Receiver 27,8736.29,NEFT,Test Payment
TXN-20260926-002-0028,3271913260,SBIN0004567,Sender 28,6407279224,UTIB0001111,Receiver 28,6359.26,NEFT,Test Payment
TXN-20260926-002-0029,2691010979,ICIC0008901,Sender 29,9997202390,KKBK0003333,Receiver 29,31763.73,IMPS,Test Payment
TXN-20260926-002-0030,9284849255,SBIN0004567,Sender 30,4266308670,UTIB0001111,Receiver 30,45739.0,NEFT,Test Payment
TXN-20260926-005-0031,7500944399,ICIC0008901,Sender 31,2649283710,KKBK0003333,Receiver 31,44335.69,NEFT,Test Payment
TXN-20260926-005-0032,4674163124,ICIC0008901,Sender 32,9900752774,KKBK0003333,Receiver 32,3894.15,IMPS,Test Payment
TXN-20260926-005-0033,2448211378,SBIN0004567,Sender 33,5106526773,KKBK0003333,Receiver 33,37588.15,IMPS,Test Payment
TXN-20260926-005-0034,6697967694,ICIC0008901,Sender 34,4275410067,PUNB0002222,Receiver 34,3620.14,NEFT,Test Payment
TXN-20260926-005-0035,6537840708,ICIC0008901,Sender 35,5788362714,UTIB0001111,Receiver 35,25082.49,NEFT,Test Payment
TXN-20260926-005-0036,1594802020,ICIC0008901,Sender 36,7977597027,PUNB0002222,Receiver 36,14982.66,NEFT,Test Payment
TXN-20260926-005-0037,4933405295,SBIN0004567,Sender 37,9347338463,KKBK0003333,Receiver 37,36895.33,RTGS,Test Payment
TXN-20260926-005-0038,4260490642,ICIC0008901,Sender 38,1304386010,UTIB0001111,Receiver 38,20505.25,IMPS,Test Payment
TXN-20260926-005-0039,2700759502,HDFC0001234,Sender 39,9546729727,UTIB0001111,Receiver 39,18508.76,IMPS,Test Payment
TXN-20260926-005-0040,4805093732,ICIC0008901,Sender 40,3945116789,KKBK0003333,Receiver 40,17061.47,IMPS,Test Payment
TXN-20260926-005-0041,5086673237,HDFC0001234,Sender 41,8981469360,KKBK0003333,Receiver 41,10854.53,NEFT,Test Payment
TXN-20260926-005-0042,3365630559,ICIC0008901,Sender 42,1998796227,PUNB0002222,Receiver 42,18023.47,IMPS,Test Payment
TXN-20260926-005-0043,2402246196,ICIC0008901,Sender 43,8432811351,UTIB0001111,Receiver 43,19853.22,NEFT,Test Payment
TXN-20260926-005-0044,9009441037,HDFC0001234,Sender 44,5413933627,KKBK0003333,Receiver 44,20423.51,IMPS,Test Payment
TXN-20260926-005-0045,5136801671,HDFC0001234,Sender 45,4915605375,KKBK0003333,Receiver 45,38746.95,IMPS,Test Payment
TXN-20260926-005-0046,4037490448,SBIN0004567,Sender 46,3913577330,PUNB0002222,Receiver 46,47869.63,IMPS,Test Payment
TXN-20260926-005-0047,9930731105,HDFC0001234,Sender 47,8836867568,UTIB0001111,Receiver 47,18846.92,IMPS,Test Payment
TXN-20260926-005-0048,8436232840,SBIN0004567,Sender 48,6622284732,KKBK0003333,Receiver 48,13379.18,NEFT,Test Payment
TXN-20260926-005-0049,3116253603,ICIC0008901,Sender 49,1748289402,KKBK0003333,Receiver 49,39912.92,RTGS,Test Payment
TXN-20260926-005-0050,7757934856,HDFC0001234,Sender 50,9475777250,KKBK0003333,Receiver 50,20962.36,RTGS,Test Payment
